Date_Column,Month_column,Quarter,Week_day,Year,Week_number
2022-01-01,January,Qtr-1,Saturday,2022,Week-1
2022-01-02,January,Qtr-1,Sunday,2022,Week-2
2022-01-03,January,Qtr-1,Monday,2022,Week-2
2022-01-04,January,Qtr-1,Tuesday,2022,Week-2
2022-01-05,January,Qtr-1,Wednesday,2022,Week-2
2022-01-06,January,Qtr-1,Thursday,2022,Week-2
2022-01-07,January,Qtr-1,Friday,2022,Week-2
2022-01-08,January,Qtr-1,Saturday,2022,Week-2
2022-01-09,January,Qtr-1,Sunday,2022,Week-3
2022-01-10,January,Qtr-1,Monday,2022,Week-3
2022-01-11,January,Qtr-1,Tuesday,2022,Week-3
2022-01-12,January,Qtr-1,Wednesday,2022,Week-3
2022-01-13,January,Qtr-1,Thursday,2022,Week-3
2022-01-14,January,Qtr-1,Friday,2022,Week-3
2022-01-15,January,Qtr-1,Saturday,2022,Week-3
2022-01-16,January,Qtr-1,Sunday,2022,Week-4
2022-01-17,January,Qtr-1,Monday,2022,Week-4
2022-01-18,January,Qtr-1,Tuesday,2022,Week-4
2022-01-19,January,Qtr-1,Wednesday,2022,Week-4
2022-01-20,January,Qtr-1,Thursday,2022,Week-4
2022-01-21,January,Qtr-1,Friday,2022,Week-4
2022-01-22,January,Qtr-1,Saturday,2022,Week-4
2022-01-23,January,Qtr-1,Sunday,2022,Week-5
2022-01-24,January,Qtr-1,Monday,2022,Week-5
2022-01-25,January,Qtr-1,Tuesday,2022,Week-5
2022-01-26,January,Qtr-1,Wednesday,2022,Week-5
2022-01-27,January,Qtr-1,Thursday,2022,Week-5
2022-01-28,January,Qtr-1,Friday,2022,Week-5
2022-01-29,January,Qtr-1,Saturday,2022,Week-5
2022-01-30,January,Qtr-1,Sunday,2022,Week-6
2022-01-31,January,Qtr-1,Monday,2022,Week-6
2022-02-01,February,Qtr-1,Tuesday,2022,Week-6
2022-02-02,February,Qtr-1,Wednesday,2022,Week-6
2022-02-03,February,Qtr-1,Thursday,2022,Week-6
2022-02-04,February,Qtr-1,Friday,2022,Week-6
2022-02-05,February,Qtr-1,Saturday,2022,Week-6
2022-02-06,February,Qtr-1,Sunday,2022,Week-7
2022-02-07,February,Qtr-1,Monday,2022,Week-7
2022-02-08,February,Qtr-1,Tuesday,2022,Week-7
2022-02-09,February,Qtr-1,Wednesday,2022,Week-7
2022-02-10,February,Qtr-1,Thursday,2022,Week-7
2022-02-11,February,Qtr-1,Friday,2022,Week-7
2022-02-12,February,Qtr-1,Saturday,2022,Week-7
2022-02-13,February,Qtr-1,Sunday,2022,Week-8
2022-02-14,February,Qtr-1,Monday,2022,Week-8
2022-02-15,February,Qtr-1,Tuesday,2022,Week-8
2022-02-16,February,Qtr-1,Wednesday,2022,Week-8
2022-02-17,February,Qtr-1,Thursday,2022,Week-8
2022-02-18,February,Qtr-1,Friday,2022,Week-8
2022-02-19,February,Qtr-1,Saturday,2022,Week-8
2022-02-20,February,Qtr-1,Sunday,2022,Week-9
2022-02-21,February,Qtr-1,Monday,2022,Week-9
2022-02-22,February,Qtr-1,Tuesday,2022,Week-9
2022-02-23,February,Qtr-1,Wednesday,2022,Week-9
2022-02-24,February,Qtr-1,Thursday,2022,Week-9
2022-02-25,February,Qtr-1,Friday,2022,Week-9
2022-02-26,February,Qtr-1,Saturday,2022,Week-9
2022-02-27,February,Qtr-1,Sunday,2022,Week-10
2022-02-28,February,Qtr-1,Monday,2022,Week-10
2022-03-01,March,Qtr-1,Tuesday,2022,Week-10
2022-03-02,March,Qtr-1,Wednesday,2022,Week-10
2022-03-03,March,Qtr-1,Thursday,2022,Week-10
2022-03-04,March,Qtr-1,Friday,2022,Week-10
2022-03-05,March,Qtr-1,Saturday,2022,Week-10
2022-03-06,March,Qtr-1,Sunday,2022,Week-11
2022-03-07,March,Qtr-1,Monday,2022,Week-11
2022-03-08,March,Qtr-1,Tuesday,2022,Week-11
2022-03-09,March,Qtr-1,Wednesday,2022,Week-11
2022-03-10,March,Qtr-1,Thursday,2022,Week-11
2022-03-11,March,Qtr-1,Friday,2022,Week-11
2022-03-12,March,Qtr-1,Saturday,2022,Week-11
2022-03-13,March,Qtr-1,Sunday,2022,Week-12
2022-03-14,March,Qtr-1,Monday,2022,Week-12
2022-03-15,March,Qtr-1,Tuesday,2022,Week-12
2022-03-16,March,Qtr-1,Wednesday,2022,Week-12
2022-03-17,March,Qtr-1,Thursday,2022,Week-12
2022-03-18,March,Qtr-1,Friday,2022,Week-12
2022-03-19,March,Qtr-1,Saturday,2022,Week-12
2022-03-20,March,Qtr-1,Sunday,2022,Week-13
2022-03-21,March,Qtr-1,Monday,2022,Week-13
2022-03-22,March,Qtr-1,Tuesday,2022,Week-13
2022-03-23,March,Qtr-1,Wednesday,2022,Week-13
2022-03-24,March,Qtr-1,Thursday,2022,Week-13
2022-03-25,March,Qtr-1,Friday,2022,Week-13
2022-03-26,March,Qtr-1,Saturday,2022,Week-13
2022-03-27,March,Qtr-1,Sunday,2022,Week-14
2022-03-28,March,Qtr-1,Monday,2022,Week-14
2022-03-29,March,Qtr-1,Tuesday,2022,Week-14
2022-03-30,March,Qtr-1,Wednesday,2022,Week-14
2022-03-31,March,Qtr-1,Thursday,2022,Week-14
2022-04-01,April,Qtr-2,Friday,2022,Week-14
2022-04-02,April,Qtr-2,Saturday,2022,Week-14
2022-04-03,April,Qtr-2,Sunday,2022,Week-15
2022-04-04,April,Qtr-2,Monday,2022,Week-15
2022-04-05,April,Qtr-2,Tuesday,2022,Week-15
2022-04-06,April,Qtr-2,Wednesday,2022,Week-15
2022-04-07,April,Qtr-2,Thursday,2022,Week-15
2022-04-08,April,Qtr-2,Friday,2022,Week-15
2022-04-09,April,Qtr-2,Saturday,2022,Week-15
2022-04-10,April,Qtr-2,Sunday,2022,Week-16
2022-04-11,April,Qtr-2,Monday,2022,Week-16
2022-04-12,April,Qtr-2,Tuesday,2022,Week-16
2022-04-13,April,Qtr-2,Wednesday,2022,Week-16
2022-04-14,April,Qtr-2,Thursday,2022,Week-16
2022-04-15,April,Qtr-2,Friday,2022,Week-16
2022-04-16,April,Qtr-2,Saturday,2022,Week-16
2022-04-17,April,Qtr-2,Sunday,2022,Week-17
2022-04-18,April,Qtr-2,Monday,2022,Week-17
2022-04-19,April,Qtr-2,Tuesday,2022,Week-17
2022-04-20,April,Qtr-2,Wednesday,2022,Week-17
2022-04-21,April,Qtr-2,Thursday,2022,Week-17
2022-04-22,April,Qtr-2,Friday,2022,Week-17
2022-04-23,April,Qtr-2,Saturday,2022,Week-17
2022-04-24,April,Qtr-2,Sunday,2022,Week-18
2022-04-25,April,Qtr-2,Monday,2022,Week-18
2022-04-26,April,Qtr-2,Tuesday,2022,Week-18
2022-04-27,April,Qtr-2,Wednesday,2022,Week-18
2022-04-28,April,Qtr-2,Thursday,2022,Week-18
2022-04-29,April,Qtr-2,Friday,2022,Week-18
2022-04-30,April,Qtr-2,Saturday,2022,Week-18
2022-05-01,May,Qtr-2,Sunday,2022,Week-19
2022-05-02,May,Qtr-2,Monday,2022,Week-19
2022-05-03,May,Qtr-2,Tuesday,2022,Week-19
2022-05-04,May,Qtr-2,Wednesday,2022,Week-19
2022-05-05,May,Qtr-2,Thursday,2022,Week-19
2022-05-06,May,Qtr-2,Friday,2022,Week-19
2022-05-07,May,Qtr-2,Saturday,2022,Week-19
2022-05-08,May,Qtr-2,Sunday,2022,Week-20
2022-05-09,May,Qtr-2,Monday,2022,Week-20
2022-05-10,May,Qtr-2,Tuesday,2022,Week-20
2022-05-11,May,Qtr-2,Wednesday,2022,Week-20
2022-05-12,May,Qtr-2,Thursday,2022,Week-20
2022-05-13,May,Qtr-2,Friday,2022,Week-20
2022-05-14,May,Qtr-2,Saturday,2022,Week-20
2022-05-15,May,Qtr-2,Sunday,2022,Week-21
2022-05-16,May,Qtr-2,Monday,2022,Week-21
2022-05-17,May,Qtr-2,Tuesday,2022,Week-21
2022-05-18,May,Qtr-2,Wednesday,2022,Week-21
2022-05-19,May,Qtr-2,Thursday,2022,Week-21
2022-05-20,May,Qtr-2,Friday,2022,Week-21
2022-05-21,May,Qtr-2,Saturday,2022,Week-21
2022-05-22,May,Qtr-2,Sunday,2022,Week-22
2022-05-23,May,Qtr-2,Monday,2022,Week-22
2022-05-24,May,Qtr-2,Tuesday,2022,Week-22
2022-05-25,May,Qtr-2,Wednesday,2022,Week-22
2022-05-26,May,Qtr-2,Thursday,2022,Week-22
2022-05-27,May,Qtr-2,Friday,2022,Week-22
2022-05-28,May,Qtr-2,Saturday,2022,Week-22
2022-05-29,May,Qtr-2,Sunday,2022,Week-23
2022-05-30,May,Qtr-2,Monday,2022,Week-23
2022-05-31,May,Qtr-2,Tuesday,2022,Week-23
2022-06-01,June,Qtr-2,Wednesday,2022,Week-23
2022-06-02,June,Qtr-2,Thursday,2022,Week-23
2022-06-03,June,Qtr-2,Friday,2022,Week-23
2022-06-04,June,Qtr-2,Saturday,2022,Week-23
2022-06-05,June,Qtr-2,Sunday,2022,Week-24
2022-06-06,June,Qtr-2,Monday,2022,Week-24
2022-06-07,June,Qtr-2,Tuesday,2022,Week-24
2022-06-08,June,Qtr-2,Wednesday,2022,Week-24
2022-06-09,June,Qtr-2,Thursday,2022,Week-24
2022-06-10,June,Qtr-2,Friday,2022,Week-24
2022-06-11,June,Qtr-2,Saturday,2022,Week-24
2022-06-12,June,Qtr-2,Sunday,2022,Week-25
2022-06-13,June,Qtr-2,Monday,2022,Week-25
2022-06-14,June,Qtr-2,Tuesday,2022,Week-25
2022-06-15,June,Qtr-2,Wednesday,2022,Week-25
2022-06-16,June,Qtr-2,Thursday,2022,Week-25
2022-06-17,June,Qtr-2,Friday,2022,Week-25
2022-06-18,June,Qtr-2,Saturday,2022,Week-25
2022-06-19,June,Qtr-2,Sunday,2022,Week-26
2022-06-20,June,Qtr-2,Monday,2022,Week-26
2022-06-21,June,Qtr-2,Tuesday,2022,Week-26
2022-06-22,June,Qtr-2,Wednesday,2022,Week-26
2022-06-23,June,Qtr-2,Thursday,2022,Week-26
2022-06-24,June,Qtr-2,Friday,2022,Week-26
2022-06-25,June,Qtr-2,Saturday,2022,Week-26
2022-06-26,June,Qtr-2,Sunday,2022,Week-27
2022-06-27,June,Qtr-2,Monday,2022,Week-27
2022-06-28,June,Qtr-2,Tuesday,2022,Week-27
2022-06-29,June,Qtr-2,Wednesday,2022,Week-27
2022-06-30,June,Qtr-2,Thursday,2022,Week-27
2022-07-01,July,Qtr-3,Friday,2022,Week-27
2022-07-02,July,Qtr-3,Saturday,2022,Week-27
2022-07-03,July,Qtr-3,Sunday,2022,Week-28
2022-07-04,July,Qtr-3,Monday,2022,Week-28
2022-07-05,July,Qtr-3,Tuesday,2022,Week-28
2022-07-06,July,Qtr-3,Wednesday,2022,Week-28
2022-07-07,July,Qtr-3,Thursday,2022,Week-28
2022-07-08,July,Qtr-3,Friday,2022,Week-28
2022-07-09,July,Qtr-3,Saturday,2022,Week-28
2022-07-10,July,Qtr-3,Sunday,2022,Week-29
2022-07-11,July,Qtr-3,Monday,2022,Week-29
2022-07-12,July,Qtr-3,Tuesday,2022,Week-29
2022-07-13,July,Qtr-3,Wednesday,2022,Week-29
2022-07-14,July,Qtr-3,Thursday,2022,Week-29
2022-07-15,July,Qtr-3,Friday,2022,Week-29
2022-07-16,July,Qtr-3,Saturday,2022,Week-29
2022-07-17,July,Qtr-3,Sunday,2022,Week-30
2022-07-18,July,Qtr-3,Monday,2022,Week-30
2022-07-19,July,Qtr-3,Tuesday,2022,Week-30
2022-07-20,July,Qtr-3,Wednesday,2022,Week-30
2022-07-21,July,Qtr-3,Thursday,2022,Week-30
2022-07-22,July,Qtr-3,Friday,2022,Week-30
2022-07-23,July,Qtr-3,Saturday,2022,Week-30
2022-07-24,July,Qtr-3,Sunday,2022,Week-31
2022-07-25,July,Qtr-3,Monday,2022,Week-31
2022-07-26,July,Qtr-3,Tuesday,2022,Week-31
2022-07-27,July,Qtr-3,Wednesday,2022,Week-31
2022-07-28,July,Qtr-3,Thursday,2022,Week-31
2022-07-29,July,Qtr-3,Friday,2022,Week-31
2022-07-30,July,Qtr-3,Saturday,2022,Week-31
2022-07-31,July,Qtr-3,Sunday,2022,Week-32
2022-08-01,August,Qtr-3,Monday,2022,Week-32
2022-08-02,August,Qtr-3,Tuesday,2022,Week-32
2022-08-03,August,Qtr-3,Wednesday,2022,Week-32
2022-08-04,August,Qtr-3,Thursday,2022,Week-32
2022-08-05,August,Qtr-3,Friday,2022,Week-32
2022-08-06,August,Qtr-3,Saturday,2022,Week-32
2022-08-07,August,Qtr-3,Sunday,2022,Week-33
2022-08-08,August,Qtr-3,Monday,2022,Week-33
2022-08-09,August,Qtr-3,Tuesday,2022,Week-33
2022-08-10,August,Qtr-3,Wednesday,2022,Week-33
2022-08-11,August,Qtr-3,Thursday,2022,Week-33
2022-08-12,August,Qtr-3,Friday,2022,Week-33
2022-08-13,August,Qtr-3,Saturday,2022,Week-33
2022-08-14,August,Qtr-3,Sunday,2022,Week-34
2022-08-15,August,Qtr-3,Monday,2022,Week-34
2022-08-16,August,Qtr-3,Tuesday,2022,Week-34
2022-08-17,August,Qtr-3,Wednesday,2022,Week-34
2022-08-18,August,Qtr-3,Thursday,2022,Week-34
2022-08-19,August,Qtr-3,Friday,2022,Week-34
2022-08-20,August,Qtr-3,Saturday,2022,Week-34
2022-08-21,August,Qtr-3,Sunday,2022,Week-35
2022-08-22,August,Qtr-3,Monday,2022,Week-35
2022-08-23,August,Qtr-3,Tuesday,2022,Week-35
2022-08-24,August,Qtr-3,Wednesday,2022,Week-35
2022-08-25,August,Qtr-3,Thursday,2022,Week-35
2022-08-26,August,Qtr-3,Friday,2022,Week-35
2022-08-27,August,Qtr-3,Saturday,2022,Week-35
2022-08-28,August,Qtr-3,Sunday,2022,Week-36
2022-08-29,August,Qtr-3,Monday,2022,Week-36
2022-08-30,August,Qtr-3,Tuesday,2022,Week-36
2022-08-31,August,Qtr-3,Wednesday,2022,Week-36
2022-09-01,September,Qtr-3,Thursday,2022,Week-36
2022-09-02,September,Qtr-3,Friday,2022,Week-36
2022-09-03,September,Qtr-3,Saturday,2022,Week-36
2022-09-04,September,Qtr-3,Sunday,2022,Week-37
2022-09-05,September,Qtr-3,Monday,2022,Week-37
2022-09-06,September,Qtr-3,Tuesday,2022,Week-37
2022-09-07,September,Qtr-3,Wednesday,2022,Week-37
2022-09-08,September,Qtr-3,Thursday,2022,Week-37
2022-09-09,September,Qtr-3,Friday,2022,Week-37
2022-09-10,September,Qtr-3,Saturday,2022,Week-37
2022-09-11,September,Qtr-3,Sunday,2022,Week-38
2022-09-12,September,Qtr-3,Monday,2022,Week-38
2022-09-13,September,Qtr-3,Tuesday,2022,Week-38
2022-09-14,September,Qtr-3,Wednesday,2022,Week-38
2022-09-15,September,Qtr-3,Thursday,2022,Week-38
2022-09-16,September,Qtr-3,Friday,2022,Week-38
2022-09-17,September,Qtr-3,Saturday,2022,Week-38
2022-09-18,September,Qtr-3,Sunday,2022,Week-39
2022-09-19,September,Qtr-3,Monday,2022,Week-39
2022-09-20,September,Qtr-3,Tuesday,2022,Week-39
2022-09-21,September,Qtr-3,Wednesday,2022,Week-39
2022-09-22,September,Qtr-3,Thursday,2022,Week-39
2022-09-23,September,Qtr-3,Friday,2022,Week-39
2022-09-24,September,Qtr-3,Saturday,2022,Week-39
2022-09-25,September,Qtr-3,Sunday,2022,Week-40
2022-09-26,September,Qtr-3,Monday,2022,Week-40
2022-09-27,September,Qtr-3,Tuesday,2022,Week-40
2022-09-28,September,Qtr-3,Wednesday,2022,Week-40
2022-09-29,September,Qtr-3,Thursday,2022,Week-40
2022-09-30,September,Qtr-3,Friday,2022,Week-40
2022-10-01,October,Qtr-4,Saturday,2022,Week-40
2022-10-02,October,Qtr-4,Sunday,2022,Week-41
2022-10-03,October,Qtr-4,Monday,2022,Week-41
2022-10-04,October,Qtr-4,Tuesday,2022,Week-41
2022-10-05,October,Qtr-4,Wednesday,2022,Week-41
2022-10-06,October,Qtr-4,Thursday,2022,Week-41
2022-10-07,October,Qtr-4,Friday,2022,Week-41
2022-10-08,October,Qtr-4,Saturday,2022,Week-41
2022-10-09,October,Qtr-4,Sunday,2022,Week-42
2022-10-10,October,Qtr-4,Monday,2022,Week-42
2022-10-11,October,Qtr-4,Tuesday,2022,Week-42
2022-10-12,October,Qtr-4,Wednesday,2022,Week-42
2022-10-13,October,Qtr-4,Thursday,2022,Week-42
2022-10-14,October,Qtr-4,Friday,2022,Week-42
2022-10-15,October,Qtr-4,Saturday,2022,Week-42
2022-10-16,October,Qtr-4,Sunday,2022,Week-43
2022-10-17,October,Qtr-4,Monday,2022,Week-43
2022-10-18,October,Qtr-4,Tuesday,2022,Week-43
2022-10-19,October,Qtr-4,Wednesday,2022,Week-43
2022-10-20,October,Qtr-4,Thursday,2022,Week-43
2022-10-21,October,Qtr-4,Friday,2022,Week-43
2022-10-22,October,Qtr-4,Saturday,2022,Week-43
2022-10-23,October,Qtr-4,Sunday,2022,Week-44
2022-10-24,October,Qtr-4,Monday,2022,Week-44
2022-10-25,October,Qtr-4,Tuesday,2022,Week-44
2022-10-26,October,Qtr-4,Wednesday,2022,Week-44
2022-10-27,October,Qtr-4,Thursday,2022,Week-44
2022-10-28,October,Qtr-4,Friday,2022,Week-44
2022-10-29,October,Qtr-4,Saturday,2022,Week-44
2022-10-30,October,Qtr-4,Sunday,2022,Week-45
2022-10-31,October,Qtr-4,Monday,2022,Week-45
2022-11-01,November,Qtr-4,Tuesday,2022,Week-45
2022-11-02,November,Qtr-4,Wednesday,2022,Week-45
2022-11-03,November,Qtr-4,Thursday,2022,Week-45
2022-11-04,November,Qtr-4,Friday,2022,Week-45
2022-11-05,November,Qtr-4,Saturday,2022,Week-45
2022-11-06,November,Qtr-4,Sunday,2022,Week-46
2022-11-07,November,Qtr-4,Monday,2022,Week-46
2022-11-08,November,Qtr-4,Tuesday,2022,Week-46
2022-11-09,November,Qtr-4,Wednesday,2022,Week-46
2022-11-10,November,Qtr-4,Thursday,2022,Week-46
2022-11-11,November,Qtr-4,Friday,2022,Week-46
2022-11-12,November,Qtr-4,Saturday,2022,Week-46
2022-11-13,November,Qtr-4,Sunday,2022,Week-47
2022-11-14,November,Qtr-4,Monday,2022,Week-47
2022-11-15,November,Qtr-4,Tuesday,2022,Week-47
2022-11-16,November,Qtr-4,Wednesday,2022,Week-47
2022-11-17,November,Qtr-4,Thursday,2022,Week-47
2022-11-18,November,Qtr-4,Friday,2022,Week-47
2022-11-19,November,Qtr-4,Saturday,2022,Week-47
2022-11-20,November,Qtr-4,Sunday,2022,Week-48
2022-11-21,November,Qtr-4,Monday,2022,Week-48
2022-11-22,November,Qtr-4,Tuesday,2022,Week-48
2022-11-23,November,Qtr-4,Wednesday,2022,Week-48
2022-11-24,November,Qtr-4,Thursday,2022,Week-48
2022-11-25,November,Qtr-4,Friday,2022,Week-48
2022-11-26,November,Qtr-4,Saturday,2022,Week-48
2022-11-27,November,Qtr-4,Sunday,2022,Week-49
2022-11-28,November,Qtr-4,Monday,2022,Week-49
2022-11-29,November,Qtr-4,Tuesday,2022,Week-49
2022-11-30,November,Qtr-4,Wednesday,2022,Week-49
2022-12-01,December,Qtr-4,Thursday,2022,Week-49
2022-12-02,December,Qtr-4,Friday,2022,Week-49
2022-12-03,December,Qtr-4,Saturday,2022,Week-49
2022-12-04,December,Qtr-4,Sunday,2022,Week-50
2022-12-05,December,Qtr-4,Monday,2022,Week-50
2022-12-06,December,Qtr-4,Tuesday,2022,Week-50
2022-12-07,December,Qtr-4,Wednesday,2022,Week-50
2022-12-08,December,Qtr-4,Thursday,2022,Week-50
2022-12-09,December,Qtr-4,Friday,2022,Week-50
2022-12-10,December,Qtr-4,Saturday,2022,Week-50
2022-12-11,December,Qtr-4,Sunday,2022,Week-51
2022-12-12,December,Qtr-4,Monday,2022,Week-51
2022-12-13,December,Qtr-4,Tuesday,2022,Week-51
2022-12-14,December,Qtr-4,Wednesday,2022,Week-51
2022-12-15,December,Qtr-4,Thursday,2022,Week-51
2022-12-16,December,Qtr-4,Friday,2022,Week-51
2022-12-17,December,Qtr-4,Saturday,2022,Week-51
2022-12-18,December,Qtr-4,Sunday,2022,Week-52
2022-12-19,December,Qtr-4,Monday,2022,Week-52
2022-12-20,December,Qtr-4,Tuesday,2022,Week-52
2022-12-21,December,Qtr-4,Wednesday,2022,Week-52
2022-12-22,December,Qtr-4,Thursday,2022,Week-52
2022-12-23,December,Qtr-4,Friday,2022,Week-52
2022-12-24,December,Qtr-4,Saturday,2022,Week-52
2022-12-25,December,Qtr-4,Sunday,2022,Week-53
2022-12-26,December,Qtr-4,Monday,2022,Week-53
2022-12-27,December,Qtr-4,Tuesday,2022,Week-53
2022-12-28,December,Qtr-4,Wednesday,2022,Week-53
2022-12-29,December,Qtr-4,Thursday,2022,Week-53
2022-12-30,December,Qtr-4,Friday,2022,Week-53
2022-12-31,December,Qtr-4,Saturday,2022,Week-53
2023-01-01,January,Qtr-1,Sunday,2023,Week-1
2023-01-02,January,Qtr-1,Monday,2023,Week-1
2023-01-03,January,Qtr-1,Tuesday,2023,Week-1
2023-01-04,January,Qtr-1,Wednesday,2023,Week-1
2023-01-05,January,Qtr-1,Thursday,2023,Week-1
2023-01-06,January,Qtr-1,Friday,2023,Week-1
2023-01-07,January,Qtr-1,Saturday,2023,Week-1
2023-01-08,January,Qtr-1,Sunday,2023,Week-2
2023-01-09,January,Qtr-1,Monday,2023,Week-2
2023-01-13,January,Qtr-1,Friday,2023,Week-2
2023-01-14,January,Qtr-1,Saturday,2023,Week-2
2023-01-15,January,Qtr-1,Sunday,2023,Week-3
2023-01-16,January,Qtr-1,Monday,2023,Week-3
2023-01-17,January,Qtr-1,Tuesday,2023,Week-3
2023-01-18,January,Qtr-1,Wednesday,2023,Week-3
2023-01-19,January,Qtr-1,Thursday,2023,Week-3
2023-01-20,January,Qtr-1,Friday,2023,Week-3
2023-01-21,January,Qtr-1,Saturday,2023,Week-3
2023-01-22,January,Qtr-1,Sunday,2023,Week-4
2023-01-23,January,Qtr-1,Monday,2023,Week-4
2023-01-24,January,Qtr-1,Tuesday,2023,Week-4
2023-01-25,January,Qtr-1,Wednesday,2023,Week-4
2023-01-26,January,Qtr-1,Thursday,2023,Week-4
2023-01-27,January,Qtr-1,Friday,2023,Week-4
2023-01-28,January,Qtr-1,Saturday,2023,Week-4
2023-01-29,January,Qtr-1,Sunday,2023,Week-5
2023-01-30,January,Qtr-1,Monday,2023,Week-5
2023-01-31,January,Qtr-1,Tuesday,2023,Week-5
2023-02-01,February,Qtr-1,Wednesday,2023,Week-5
2023-02-02,February,Qtr-1,Thursday,2023,Week-5
2023-02-03,February,Qtr-1,Friday,2023,Week-5
2023-02-04,February,Qtr-1,Saturday,2023,Week-5
2023-02-05,February,Qtr-1,Sunday,2023,Week-6
2023-02-06,February,Qtr-1,Monday,2023,Week-6
2023-02-07,February,Qtr-1,Tuesday,2023,Week-6
2023-02-08,February,Qtr-1,Wednesday,2023,Week-6
2023-02-09,February,Qtr-1,Thursday,2023,Week-6
2023-02-13,February,Qtr-1,Monday,2023,Week-7
2023-02-14,February,Qtr-1,Tuesday,2023,Week-7
2023-02-15,February,Qtr-1,Wednesday,2023,Week-7
2023-02-16,February,Qtr-1,Thursday,2023,Week-7
2023-02-17,February,Qtr-1,Friday,2023,Week-7
2023-02-18,February,Qtr-1,Saturday,2023,Week-7
2023-02-19,February,Qtr-1,Sunday,2023,Week-8
2023-02-20,February,Qtr-1,Monday,2023,Week-8
2023-02-21,February,Qtr-1,Tuesday,2023,Week-8
2023-02-22,February,Qtr-1,Wednesday,2023,Week-8
2023-02-23,February,Qtr-1,Thursday,2023,Week-8
2023-02-24,February,Qtr-1,Friday,2023,Week-8
2023-02-25,February,Qtr-1,Saturday,2023,Week-8
2023-02-26,February,Qtr-1,Sunday,2023,Week-9
2023-02-27,February,Qtr-1,Monday,2023,Week-9
2023-02-28,February,Qtr-1,Tuesday,2023,Week-9
2023-03-01,March,Qtr-1,Wednesday,2023,Week-9
2023-03-02,March,Qtr-1,Thursday,2023,Week-9
2023-03-03,March,Qtr-1,Friday,2023,Week-9
2023-03-04,March,Qtr-1,Saturday,2023,Week-9
2023-03-05,March,Qtr-1,Sunday,2023,Week-10
2023-03-06,March,Qtr-1,Monday,2023,Week-10
2023-03-07,March,Qtr-1,Tuesday,2023,Week-10
2023-03-08,March,Qtr-1,Wednesday,2023,Week-10
2023-03-09,March,Qtr-1,Thursday,2023,Week-10
2023-03-13,March,Qtr-1,Monday,2023,Week-11
2023-03-14,March,Qtr-1,Tuesday,2023,Week-11
2023-03-15,March,Qtr-1,Wednesday,2023,Week-11
2023-03-16,March,Qtr-1,Thursday,2023,Week-11
2023-03-17,March,Qtr-1,Friday,2023,Week-11
2023-03-18,March,Qtr-1,Saturday,2023,Week-11
2023-03-19,March,Qtr-1,Sunday,2023,Week-12
2023-03-20,March,Qtr-1,Monday,2023,Week-12
2023-03-21,March,Qtr-1,Tuesday,2023,Week-12
2023-03-22,March,Qtr-1,Wednesday,2023,Week-12
2023-03-23,March,Qtr-1,Thursday,2023,Week-12
2023-03-24,March,Qtr-1,Friday,2023,Week-12
2023-03-25,March,Qtr-1,Saturday,2023,Week-12
2023-03-26,March,Qtr-1,Sunday,2023,Week-13
2023-03-27,March,Qtr-1,Monday,2023,Week-13
2023-03-28,March,Qtr-1,Tuesday,2023,Week-13
2023-03-29,March,Qtr-1,Wednesday,2023,Week-13
2023-03-30,March,Qtr-1,Thursday,2023,Week-13
2023-03-31,March,Qtr-1,Friday,2023,Week-13
2023-04-01,April,Qtr-2,Saturday,2023,Week-13
2023-04-02,April,Qtr-2,Sunday,2023,Week-14
2023-04-03,April,Qtr-2,Monday,2023,Week-14
2023-04-04,April,Qtr-2,Tuesday,2023,Week-14
2023-04-05,April,Qtr-2,Wednesday,2023,Week-14
2023-04-06,April,Qtr-2,Thursday,2023,Week-14
2023-04-07,April,Qtr-2,Friday,2023,Week-14
2023-04-08,April,Qtr-2,Saturday,2023,Week-14
2023-04-09,April,Qtr-2,Sunday,2023,Week-15
2023-04-13,April,Qtr-2,Thursday,2023,Week-15
2023-04-14,April,Qtr-2,Friday,2023,Week-15
2023-04-15,April,Qtr-2,Saturday,2023,Week-15
2023-04-16,April,Qtr-2,Sunday,2023,Week-16
2023-04-17,April,Qtr-2,Monday,2023,Week-16
2023-04-18,April,Qtr-2,Tuesday,2023,Week-16
2023-04-19,April,Qtr-2,Wednesday,2023,Week-16
2023-04-20,April,Qtr-2,Thursday,2023,Week-16
2023-04-21,April,Qtr-2,Friday,2023,Week-16
2023-04-22,April,Qtr-2,Saturday,2023,Week-16
2023-04-23,April,Qtr-2,Sunday,2023,Week-17
2023-04-24,April,Qtr-2,Monday,2023,Week-17
2023-04-25,April,Qtr-2,Tuesday,2023,Week-17
2023-04-26,April,Qtr-2,Wednesday,2023,Week-17
2023-04-27,April,Qtr-2,Thursday,2023,Week-17
2023-04-28,April,Qtr-2,Friday,2023,Week-17
2023-04-29,April,Qtr-2,Saturday,2023,Week-17
2023-04-30,April,Qtr-2,Sunday,2023,Week-18
2023-05-01,May,Qtr-2,Monday,2023,Week-18
2023-05-02,May,Qtr-2,Tuesday,2023,Week-18
2023-05-03,May,Qtr-2,Wednesday,2023,Week-18
2023-05-04,May,Qtr-2,Thursday,2023,Week-18
2023-05-05,May,Qtr-2,Friday,2023,Week-18
2023-05-06,May,Qtr-2,Saturday,2023,Week-18
2023-05-07,May,Qtr-2,Sunday,2023,Week-19
2023-05-08,May,Qtr-2,Monday,2023,Week-19
2023-05-09,May,Qtr-2,Tuesday,2023,Week-19
2023-05-13,May,Qtr-2,Saturday,2023,Week-19
2023-05-14,May,Qtr-2,Sunday,2023,Week-20
2023-05-15,May,Qtr-2,Monday,2023,Week-20
2023-05-16,May,Qtr-2,Tuesday,2023,Week-20
2023-05-17,May,Qtr-2,Wednesday,2023,Week-20
2023-05-18,May,Qtr-2,Thursday,2023,Week-20
2023-05-19,May,Qtr-2,Friday,2023,Week-20
2023-05-20,May,Qtr-2,Saturday,2023,Week-20
2023-05-21,May,Qtr-2,Sunday,2023,Week-21
2023-05-22,May,Qtr-2,Monday,2023,Week-21
2023-05-23,May,Qtr-2,Tuesday,2023,Week-21
2023-05-24,May,Qtr-2,Wednesday,2023,Week-21
2023-05-25,May,Qtr-2,Thursday,2023,Week-21
2023-05-26,May,Qtr-2,Friday,2023,Week-21
2023-05-27,May,Qtr-2,Saturday,2023,Week-21
2023-05-28,May,Qtr-2,Sunday,2023,Week-22
2023-05-29,May,Qtr-2,Monday,2023,Week-22
2023-05-30,May,Qtr-2,Tuesday,2023,Week-22
2023-05-31,May,Qtr-2,Wednesday,2023,Week-22
2023-06-01,June,Qtr-2,Thursday,2023,Week-22
2023-06-02,June,Qtr-2,Friday,2023,Week-22
2023-06-03,June,Qtr-2,Saturday,2023,Week-22
2023-06-04,June,Qtr-2,Sunday,2023,Week-23
2023-06-05,June,Qtr-2,Monday,2023,Week-23
2023-06-06,June,Qtr-2,Tuesday,2023,Week-23
2023-06-07,June,Qtr-2,Wednesday,2023,Week-23
2023-06-08,June,Qtr-2,Thursday,2023,Week-23
2023-06-09,June,Qtr-2,Friday,2023,Week-23
2023-06-13,June,Qtr-2,Tuesday,2023,Week-24
2023-06-14,June,Qtr-2,Wednesday,2023,Week-24
2023-06-15,June,Qtr-2,Thursday,2023,Week-24
2023-06-16,June,Qtr-2,Friday,2023,Week-24
2023-06-17,June,Qtr-2,Saturday,2023,Week-24
2023-06-18,June,Qtr-2,Sunday,2023,Week-25
2023-06-19,June,Qtr-2,Monday,2023,Week-25
2023-06-20,June,Qtr-2,Tuesday,2023,Week-25
2023-06-21,June,Qtr-2,Wednesday,2023,Week-25
2023-06-22,June,Qtr-2,Thursday,2023,Week-25
2023-06-23,June,Qtr-2,Friday,2023,Week-25
2023-06-24,June,Qtr-2,Saturday,2023,Week-25
2023-06-25,June,Qtr-2,Sunday,2023,Week-26
2023-06-26,June,Qtr-2,Monday,2023,Week-26
2023-06-27,June,Qtr-2,Tuesday,2023,Week-26
2023-06-28,June,Qtr-2,Wednesday,2023,Week-26
2023-06-29,June,Qtr-2,Thursday,2023,Week-26
2023-06-30,June,Qtr-2,Friday,2023,Week-26
2023-07-01,July,Qtr-3,Saturday,2023,Week-26
2023-07-02,July,Qtr-3,Sunday,2023,Week-27
2023-07-03,July,Qtr-3,Monday,2023,Week-27
2023-07-04,July,Qtr-3,Tuesday,2023,Week-27
2023-07-05,July,Qtr-3,Wednesday,2023,Week-27
2023-07-06,July,Qtr-3,Thursday,2023,Week-27
2023-07-07,July,Qtr-3,Friday,2023,Week-27
2023-07-08,July,Qtr-3,Saturday,2023,Week-27
2023-07-09,July,Qtr-3,Sunday,2023,Week-28
2023-07-13,July,Qtr-3,Thursday,2023,Week-28
2023-07-14,July,Qtr-3,Friday,2023,Week-28
2023-07-15,July,Qtr-3,Saturday,2023,Week-28
2023-07-16,July,Qtr-3,Sunday,2023,Week-29
2023-07-17,July,Qtr-3,Monday,2023,Week-29
2023-07-18,July,Qtr-3,Tuesday,2023,Week-29
2023-07-19,July,Qtr-3,Wednesday,2023,Week-29
2023-07-20,July,Qtr-3,Thursday,2023,Week-29
2023-07-21,July,Qtr-3,Friday,2023,Week-29
2023-07-22,July,Qtr-3,Saturday,2023,Week-29
2023-07-23,July,Qtr-3,Sunday,2023,Week-30
2023-07-24,July,Qtr-3,Monday,2023,Week-30
2023-07-25,July,Qtr-3,Tuesday,2023,Week-30
2023-07-26,July,Qtr-3,Wednesday,2023,Week-30
2023-07-27,July,Qtr-3,Thursday,2023,Week-30
2023-07-28,July,Qtr-3,Friday,2023,Week-30
2023-07-29,July,Qtr-3,Saturday,2023,Week-30
2023-07-30,July,Qtr-3,Sunday,2023,Week-31
2023-07-31,July,Qtr-3,Monday,2023,Week-31
2023-08-01,August,Qtr-3,Tuesday,2023,Week-31
2023-08-02,August,Qtr-3,Wednesday,2023,Week-31
2023-08-03,August,Qtr-3,Thursday,2023,Week-31
2023-08-04,August,Qtr-3,Friday,2023,Week-31
2023-08-05,August,Qtr-3,Saturday,2023,Week-31
2023-08-06,August,Qtr-3,Sunday,2023,Week-32
2023-08-07,August,Qtr-3,Monday,2023,Week-32
2023-08-08,August,Qtr-3,Tuesday,2023,Week-32
2023-08-09,August,Qtr-3,Wednesday,2023,Week-32
2023-08-13,August,Qtr-3,Sunday,2023,Week-33
2023-08-14,August,Qtr-3,Monday,2023,Week-33
2023-08-15,August,Qtr-3,Tuesday,2023,Week-33
2023-08-16,August,Qtr-3,Wednesday,2023,Week-33
2023-08-17,August,Qtr-3,Thursday,2023,Week-33
2023-08-18,August,Qtr-3,Friday,2023,Week-33
2023-08-19,August,Qtr-3,Saturday,2023,Week-33
2023-08-20,August,Qtr-3,Sunday,2023,Week-34
2023-08-21,August,Qtr-3,Monday,2023,Week-34
2023-08-22,August,Qtr-3,Tuesday,2023,Week-34
2023-08-23,August,Qtr-3,Wednesday,2023,Week-34
2023-08-24,August,Qtr-3,Thursday,2023,Week-34
2023-08-25,August,Qtr-3,Friday,2023,Week-34
2023-08-26,August,Qtr-3,Saturday,2023,Week-34
2023-08-27,August,Qtr-3,Sunday,2023,Week-35
2023-08-28,August,Qtr-3,Monday,2023,Week-35
2023-08-29,August,Qtr-3,Tuesday,2023,Week-35
2023-08-30,August,Qtr-3,Wednesday,2023,Week-35
2023-08-31,August,Qtr-3,Thursday,2023,Week-35
2023-09-01,September,Qtr-3,Friday,2023,Week-35
2023-09-02,September,Qtr-3,Saturday,2023,Week-35
2023-09-03,September,Qtr-3,Sunday,2023,Week-36
2023-09-04,September,Qtr-3,Monday,2023,Week-36
2023-09-05,September,Qtr-3,Tuesday,2023,Week-36
2023-09-06,September,Qtr-3,Wednesday,2023,Week-36
2023-09-07,September,Qtr-3,Thursday,2023,Week-36
2023-09-08,September,Qtr-3,Friday,2023,Week-36
2023-09-09,September,Qtr-3,Saturday,2023,Week-36
2023-09-13,September,Qtr-3,Wednesday,2023,Week-37
2023-09-14,September,Qtr-3,Thursday,2023,Week-37
2023-09-15,September,Qtr-3,Friday,2023,Week-37
2023-09-16,September,Qtr-3,Saturday,2023,Week-37
2023-09-17,September,Qtr-3,Sunday,2023,Week-38
2023-09-18,September,Qtr-3,Monday,2023,Week-38
2023-09-19,September,Qtr-3,Tuesday,2023,Week-38
2023-09-20,September,Qtr-3,Wednesday,2023,Week-38
2023-09-21,September,Qtr-3,Thursday,2023,Week-38
2023-09-22,September,Qtr-3,Friday,2023,Week-38
2023-09-23,September,Qtr-3,Saturday,2023,Week-38
2023-09-24,September,Qtr-3,Sunday,2023,Week-39
2023-09-25,September,Qtr-3,Monday,2023,Week-39
2023-09-26,September,Qtr-3,Tuesday,2023,Week-39
2023-09-27,September,Qtr-3,Wednesday,2023,Week-39
2023-09-28,September,Qtr-3,Thursday,2023,Week-39
2023-09-29,September,Qtr-3,Friday,2023,Week-39
2023-09-30,September,Qtr-3,Saturday,2023,Week-39
